-- phpMyAdmin SQL Dump
-- version 5.2.0
-- https://www.phpmyadmin.net/
--
-- Host: 127.0.0.1
-- Generation Time: Jan 06, 2023 at 08:46 AM
-- Server version: 10.4.25-MariaDB
-- PHP Version: 8.0.23

SET SQL_MODE = "NO_AUTO_VALUE_ON_ZERO";
START TRANSACTION;
SET time_zone = "+00:00";


/*!40101 SET @OLD_CHARACTER_SET_CLIENT=@@CHARACTER_SET_CLIENT */;
/*!40101 SET @OLD_CHARACTER_SET_RESULTS=@@CHARACTER_SET_RESULTS */;
/*!40101 SET @OLD_COLLATION_CONNECTION=@@COLLATION_CONNECTION */;
/*!40101 SET NAMES utf8mb4 */;

--
-- Database: `kyuudent_store`
--

-- --------------------------------------------------------

--
-- Table structure for table `akun`
--

CREATE TABLE `akun` (
  `id` int(11) NOT NULL,
  `img` varchar(60) NOT NULL,
  `username` varchar(30) NOT NULL,
  `email` varchar(50) NOT NULL,
  `nama` varchar(40) NOT NULL,
  `jenis_kelamin` varchar(20) NOT NULL,
  `alamat` text NOT NULL,
  `kota` varchar(40) NOT NULL,
  `provinsi` varchar(40) NOT NULL,
  `kode_pos` varchar(20) NOT NULL,
  `no_hp` varchar(20) NOT NULL,
  `level` int(11) NOT NULL,
  `password` varchar(255) NOT NULL
) ENGINE=InnoDB DEFAULT CHARSET=utf8mb4;

--
-- Dumping data for table `akun`
--

INSERT INTO `akun` (`id`, `img`, `username`, `email`, `nama`, `jenis_kelamin`, `alamat`, `kota`, `provinsi`, `kode_pos`, `no_hp`, `level`, `password`) VALUES
(1, 'poto_profil.jpg', 'admin', 'luthfim904@gmail.com', 'Muhammad Luthfi', 'Pria', 'Jalan Makmur Gang Bakti No. 16 b', 'Kota Medan', 'Sumatera Utara', '20114', '088262450134', 1, '$2y$10$ww2zILjcIrXURr94pxIhFO/jc80LMuPXrSeRKZ6rf0WH8gzVJ0i8O'),
(11, 'profil_cici.jpeg', 'cyl.d', 'ceycilia.dear3004@gmail.com', 'Ceycylia Dear Amizafatel', 'Wanita', 'Jalan Pijer Podi No. 7', 'Kota Medan', 'Sumatera Utara', '20142', '081270049331', 2, '$2y$10$gvS6K1t3vgkJASe0pv9nROd0bfeRzKz.YtFzdHd4TKFPEbqcoyHEm'),
(12, 'profil_dagul.jpeg', 'dagul29', 'danielgultom306@gmail.com', 'Daniel Stephen Gultom', 'Pria', 'Gg. Sehat no 29', 'Kota Medan', 'Sumatera Utara', '22222', '087785745167', 2, '$2y$10$M9bHbn0jCbLItMMLcSRxUOyXzguGZBxUvOP.gxa.w.XiK7YzR3pmy'),
(13, 'profil_aulia.jpeg', 'rizstiaulia', 'rizqisitiaulia31@gmail.com', 'Rizqi Siti Aulia', 'Wanita', 'Jl. M. Basir Marelan', 'Kota Medan', 'Sumatera Utara', '20255', '081263029214', 2, '$2y$10$JO6sQTKoEF3g3n284j7w..9.u6ycvQX5Enp/MZgb0L/xj6dPsJbCq'),
(14, 'profil_mars.jpeg', 'marsss', 'marsyalsiburian03@gmail.com', 'Marsyaloan Siburian', 'Pria', 'Jl. Bunga rampai VI', 'Kota Medan', 'Sumatera Utara', '20135', '082123942311', 2, '$2y$10$dFiIQwhUjcOtpU3rLYVdHu35OTax.FnV0BUxoOFGMjqyaVQCrxyji');

-- --------------------------------------------------------

--
-- Table structure for table `pembelian`
--

CREATE TABLE `pembelian` (
  `id_pembelian` varchar(11) NOT NULL,
  `id_pelanggan` int(11) NOT NULL,
  `nama_owner` varchar(100) NOT NULL,
  `tanggal_pembelian` date NOT NULL,
  `total_pembelian` varchar(100) NOT NULL,
  `e-money` varchar(100) NOT NULL,
  `e-money_number` varchar(100) NOT NULL,
  `status_pembayaran` varchar(100) NOT NULL,
  `status_pembelian` varchar(100) NOT NULL
) ENGINE=InnoDB DEFAULT CHARSET=utf8mb4;

--
-- Dumping data for table `pembelian`
--

INSERT INTO `pembelian` (`id_pembelian`, `id_pelanggan`, `nama_owner`, `tanggal_pembelian`, `total_pembelian`, `e-money`, `e-money_number`, `status_pembayaran`, `status_pembelian`) VALUES
('0001', 9, 'Raihan Abrar', '2023-01-04', '10000', 'DANA', '082345732814', 'PAID', 'PENDING'),
('0002', 9, 'Raihan Abrar', '2023-01-04', '30000', 'OVO', '082345732814', 'PAID', 'PENDING'),
('0003', 10, 'Ibra Rizqy Siregar', '2023-01-05', '60000', 'DANA', '082370597095', 'PAID', 'PENDING'),
('0004', 10, 'Ibra Rizqy Siregar', '2023-01-05', '244500', 'OVO', '082370597095', 'PAID', 'SENT'),
('0005', 10, 'Ibra Rizqy Siregar', '2023-01-05', '1040000', 'DANA', '082370597095', 'PAID', 'PENDING'),
('0006', 14, 'Marsyaloan Siburian', '2023-01-05', '10000', 'DANA', '082123942311', 'PAID', 'PENDING'),
('0007', 14, 'Marsyaloan Siburian', '2023-01-06', '10000', 'DANA', '082123942311', 'PAID', 'PENDING'),
('0008', 14, 'Marsyaloan Siburian', '2023-01-06', '10000', 'DANA', '082123942311', 'PAID', 'PENDING');

-- --------------------------------------------------------

--
-- Table structure for table `pembelian_produk`
--

CREATE TABLE `pembelian_produk` (
  `id_pembelian_produk` int(11) NOT NULL,
  `id_pembelian` varchar(11) NOT NULL,
  `img` varchar(100) NOT NULL,
  `id_produk` int(11) NOT NULL,
  `nama` varchar(100) NOT NULL,
  `jumlah` int(11) NOT NULL,
  `harga` varchar(100) NOT NULL
) ENGINE=InnoDB DEFAULT CHARSET=utf8mb4;

--
-- Dumping data for table `pembelian_produk`
--

INSERT INTO `pembelian_produk` (`id_pembelian_produk`, `id_pembelian`, `img`, `id_produk`, `nama`, `jumlah`, `harga`) VALUES
(26, '0001', 'no_photo2.png', 62, 'pulpen', 1, '10000'),
(27, '0002', 'no_photo2.png', 68, 'pulpen', 3, '10000'),
(28, '0003', 'no_photo2.png', 64, 'pulpen', 3, '10000'),
(29, '0003', 'no_photo2.png', 72, 'pulpen', 3, '10000'),
(30, '0004', '4fb7a_BMBCampus.jpeg', 23, 'BMB campus', 5, '36900'),
(31, '0004', 'adf8c_OHOME.jpeg', 62, 'OHOME', 3, '20000'),
(32, '0005', 'c1c60_vector.png', 8, 'Vector', 3, '300000'),
(33, '0005', 'bf385_krisbow.jpg', 36, 'Krisbow', 2, '70000'),
(34, '0006', 'de91a_GelPen.png', 11, 'Gel Pen GP-265 Q Gel 0.5 mm', 2, '5000'),
(35, '0007', 'de91a_GelPen.png', 11, 'Gel Pen GP-265 Q Gel 0.5 mm', 2, '5000'),
(36, '0008', 'de91a_GelPen.png', 11, 'Gel Pen GP-265 Q Gel 0.5 mm', 2, '5000');

-- --------------------------------------------------------

--
-- Table structure for table `produk`
--

CREATE TABLE `produk` (
  `id_produk` int(11) NOT NULL,
  `nama_produk` varchar(30) NOT NULL,
  `harga_produk` varchar(30) NOT NULL,
  `kategori_produk` varchar(30) NOT NULL,
  `merek_produk` varchar(30) NOT NULL,
  `spesifikasi_produk` text NOT NULL,
  `img` varchar(30) NOT NULL
) ENGINE=InnoDB DEFAULT CHARSET=utf8mb4;

--
-- Dumping data for table `produk`
--

INSERT INTO `produk` (`id_produk`, `nama_produk`, `harga_produk`, `kategori_produk`, `merek_produk`, `spesifikasi_produk`, `img`) VALUES
(1, 'Standard AE7', '25000', 'pulpen', 'Standard', 'Pulpen Standard AE7 ini begitu populer karena selain harganya murah, teknologi ballpoint dalam pulpen ini membuatnya mudah saat dipakai. Desainnya juga sederhana dengan satu warna saja.\r\nPulpen Standard AE7 tersedia dalam 3 warna yaitu hitam, merah, dan biru. Untuk pembelian 1 box Anda akan mendapatkan 1 lusin pulpen atau 12 buah.', 'f9e25_pulpen_standard_ae7.png'),
(2, 'Zebra Sarasa Clip', '25000', 'pulpen', 'Zebra', 'Zebra Sarasa Clip bisa dikatakan sebagai pulpen mewah karena harganya yang cukup mahal. Namun, harga tersebut rasanya sudah sebanding dengan kualitas pulpen yang diberikan. Tinta pulpen ini berbahan dasar air yang sangat pigmented. Setelah tinta kering, maka warna tulisan akan tahan lama bahkan waterproof. Menarik sekali, bukan.Pulpen ini juga mempunyai desain yang elegan sehingga mencitrakan pulpen berkualitas. Tersedia 3 jenis pilihan warna yaitu Barrel Color dengan 20+ warna, Neon dengan 5 warna, dan Vintage dengan 5 warna.', '55458_Zebra_sarasa_clip.png'),
(3, 'Pilot Frixion', '30000', 'pulpen', 'pilot', 'Bagaimana dengan pulpen Pilot? Pasti setiap orang di Indonesia pernah sekali saja menggunakan pulpen ini. Sayangnya, sebagian masyarakat Indonesia hanya mengenal tipe pulpen Pilot yang beredar luas di pasaran. Padahal ada tipe pulpen Pilot yang sangat bagus, yaitu Pilot Frixion. Kelebihan utama dari pulpen ini adalah tintanya metamo dan dapat dihapus dengan penghapus yang ada di bagian ujung belakang pulpen. Lebih nyaman dan mudah pastinya menggunakan pulpen ini.', '7d7d3_Pilot_Frixion.png'),
(4, 'Faster', '30000', 'pulpen', 'Faster', 'Ada masa di mana pulpen faster menjadi pulpen yang paling banyak dipilih oleh masyarakat. Alasannya adalah karena kualitas tintanya yang bagus dan pilihan warnanya yang banyak. Saat ini, pulpen faster juga masih menjadi pilihan yang populer.Tintanya sangat bagus warnanya dan cepat kering saat digunakan untuk menulis. Jadi hasil tulisan Anda tidak akan melebar ke mana-mana. Soal harga Anda pasti sudah tahu bahwa pulpen Faster sangat terjangkau harganya.', '8785e_Faster.png'),
(5, 'Standard', '6000', 'pulpen', 'standard', 'Anda mungkin lebih mengenal pulpen standard dengan kemasan sederhana yang banyak digunakan masyarakat Indonesia sejak bertahun-tahun dulu. Seringkali pulpen ini dikenal sebagai pulpen yang sesuai dengan namanya hanya berkualitas standar.Tetapi sebenarnya pulpen standard memiliki banyak seri dan salah satu yang terbaik adalah seri R6. Jenis tintanya adalah oil gel (gabungan minyak dan gel). Kualitasnya penulisan jadi lebih bagus dan tidak cepat habis. Selain itu, pulpen ini juga diketahui tidak mudah bocor.', 'a790f_standard.png'),
(6, 'Kokoro', '40000', 'pulpen', 'Zebra', 'Masih ada satu lagi pulpen terbaik yang memang menargetkan anak sekolah sebagai pasarnya. Pulpen Kokoro ini tersedia dalam banyak pilihan warna dan desain. Khususnya, pulpen ini juga didesain dengan tampilan yang disukai anak-anak. Pulpen ini dijual dalam tampilan berbagai karakter disney yang semua anak sukai. Anda yang sudah dewasa pun mungkin ada yang tumbuh besar dengan mengagumi berbagai karakter disney ini. Jadi jika Anda tertarik pun, Anda bisa mengoleksinya.', 'aedf0_kokoro.png'),
(7, 'Snowman', '30000', 'pulpen', 'snowman', 'Jika Ada sering menggambar, pasti Anda sudah tidak asing lagi dengan pulpen Snowman. Namun banyak orang yang mengira bahwa pulpen Snowman hanya digunakan untuk menggambar, padahal pulpen ini juga bisa digunakan untuk menulis atau tanda tanganApalagi jika kebutuhannya adalah untuk menulis indah seperti pada ijazah dan sertifikat. Pilihan ketebalan pulpen pun sangat beragam dan bisa disesuaikan dengan kebutuhan Anda.', 'b8266_snowman.png'),
(8, 'Vector', '300000', 'pulpen', 'parker', 'Jenis pulpen yang dilengkapi dengan kotak ini memiliki desain yang sangat elegan. Anda bisa menulis dengan ketebalan yang sama karena teknologi rollerball yang dilengkapi pada pulpen ini.Bahan pulpen pun tidak mudah rusak walau terinjak secara tidak sengaja. Pilihan warnanya juga cukup banyak dan bisa Anda gunakan untuk kebutuhan Anda.', 'c1c60_vector.png'),
(9, 'BP-251 Frodo 0.7 mm', '30000', 'pulpen', 'joyko', 'Berikutnya adalah rekomendasi pulpen dari merek Joyko, salah satu merek terkenal dalam industri alat tulis. Ball Pen Pulpen Pena Joyko BP-251 Frodo 0.7 mm merupakan pulpen jenis ballpoint yang harganya relatif lebih murah dibandingkan ballpoint merek lainnya. Pulpen ini memiliki ketebalan 0.7 mm, cocok untuk Anda yang tidak suka tulisan terlalu tipis maupun terlalu tebal. Ukuran ideal ini juga membuat pulpen ini akurat dan naan untuk menulis.', 'cba89_Frodo.png'),
(10, 'Color gel pen', '2500', 'pulpen', 'Deli', 'Rekomendasi pulpen gel pertama yang kami berikan berasal dari merek Deli. Seperti Joyko dan Standard, Deli juga termasuk merek alat tulis yang laris di pasaran. Deli Color Gel Pen Pulpen Gel 8 Warna adalah pulpen dengan ketebalan 0.5 mm yang nyaman saat dipakai. Badan pulpen terbuat dari plastik dengan desain yang simpel.Pulpen ini juga menyediakan klip pena portable yang bisa diselipkan ke buku atau kertas saat Anda tidak sedang menulis. Dengan begitu, pulpen tidak mudah jatuh dan gampang dibawa kemanapun.', 'd3ccb_ColorGelPen.png'),
(11, 'Gel Pen GP-265 Q Gel 0.5 mm', '5000', 'pulpen', 'joyko', 'Jika kriteria Anda dalam memilih pulpen adalah yang nyaman dipegang, maka Gel Pen Pulpen Pena Joyko GP-265 Q Gel 0.5 mm adalah pilihan terbaik. Desain pulpen ini sangat mewah dengan space pegangan khusus agar jari dan telapak tangan bisa memakai pulpen dengan nyaman. Pulpen ini juga cukup fleksibel sehingga Anda bisa menggunakannya tidak hanya untuk menulis, namun juga menggambar.', 'de91a_GelPen.png'),
(12, 'Pipo', '30000', 'pulpen', 'Disney', 'Jika Anda membutuhkan pulpen yang bagus khusus untuk fungsi tanda tangan, maka gunakanlah pulpen Pipo. Jenis pulpen ini memiliki tinta yang kental dan dapat dikontrol sehingga ketebalan goresannya selalu konsisten. Jadi saat melakukan penandatanganan Anda bisa menghasilkan kualitas tulisan yang terbaik.Tintanya pun tidak mudah luntur. Desain pulpen yang ramping pun membuat pulpen ini bisa disimpan di mana saja. Pas dan cocok untuk Anda yang sering harus berpindah-pindah.', 'e547e_Pipo.png'),
(13, 'Boxy', '30000', 'pulpen', 'Boxy', 'Mirip seperti pulpen Snowman, pulpen Boxy ini pun banyak disalah artikan sebagai pulpen yang hanya berfungsi untuk menggambar. Namun kelebihan dari pulpen ini yang utama sebenarnya adalah ketahanannya pada air. Warna pilihannya yang beragam membuat Anda bisa menggunakan pulpen ini sesuai dengan kebutuhan.Ujung pulpen yang terbuat dari bahan stainless steel pun membuatnya menjadi tidak mudah rusak. Anda bisa gunakan dalam jangka waktu yang cukup lama.', 'ec19b_Boxy.png'),
(14, 'GP 262', '40000', 'pulpen', 'joyko', 'Kali ini ada pulpen Joyko yang pasti adalah salah satu pulpen gel terbaik di Indonesia. Sama seperti beberapa pulpen sebelumnya, Joyko dengan tinta gelnya sudah sangat lama digunakan dan dipercaya oleh masyarakat untuk menulis.Harganya pun cukup terjangkau. Khususnya seri pulpen Joyko GP 262 ini adalah pulpen yang paling nyaman dikenakan. Karet yang ada disekelilingnya membuat pulpen ini tidak akan menyebabkan jari lecet walau menulis cukup lama.', 'f4153_GP-262.png'),
(15, 'Drawing Pen', '15000', 'pulpen', 'snowman', 'Apakah Anda senang menggambar? Jika iya, Anda bisa memakai Snowman Drawing Pen untuk pengalaman menggambar yang menyenangkan. Selain untuk menggambar atau membuat sketsa, Snowman Drawing Pen juga bisa Anda gunakan untuk menulis indah karena ujung pulpennya cukup nyaman dan fleksibel.Jenis tintanya sendiri adalah tinda pigmen dengan warna hitam. Snowman Drawing Pen tersedia dalam beberapa ukuran ketebalan yaitu dari 0.5 mm sampai dengan 1.0 mm.', 'fced9_DrawingPen.png'),
(16, 'Rabbit pen', '22000', 'pulpen', 'scoop', 'Apakah Anda termasuk orang yang suka mengoleksi pulpen dengan karakter lucu di batangnya? Kalau iya, Anda pasti tertarik dengan rekomendasi ini. Scoop Gel Ink Pen Mistery Box Kelinci Pita merupakan pulpen gel dengan ketebalan 0.5 mm yang terdiri dari berbagai wanra dengan karakter kelinci di ujung batang pulpen. Karakter kelinci tersebut membuat pulpen ini menggemaskan dan sayang untuk dilewatkan. Anda juga bisa membeli pulpen ini untuk anak-anak agar mereka semangat untuk belajar.', '062e8_RabbitPen.png'),
(17, 'Erasable Gel Pen', '3500', 'pulpen', 'joyko', 'Saat ini, rata-rata pulpen memiliki tinta permanen yang sulit untuk dihapus kecuali dengan tipe-x. Namun, Erasable Gel Pen Joyko GP-322 Shokyo 4 menghadirkan pulpen dengan teknologi tinta yang bisa dihapus atau erasable pen. Penghapusnya sendiri merupakan penghapus khusus yang terdapat di ujung batang pulpen. Dengan ketebalan 0.5 mm, pulpen ini ideal untuk penggunaan sehari-hari.', '105ab_ErasableGelPen.png'),
(18, 'Gel Pen', '3500', 'pulpen', 'kenko', 'Berikutnya adalah Kenko Gel Pen Easy Gel. Pulpen dari merek Kenko ini berjenis gel dengan desain sederhana sehingga nyaman digunakan. Tinta pulpen ini tidak mudah luntur dan cepat kering saat digunakan. Selain itu, tinta ini juga telah menggunakan teknologi water resistance sehingga aman terkena air. Kenko Gel Pen Easy Gel terdiri dari beberapa pilihan warna seperti biru, hitam, pink, range, pink, ungu, sampai hujau.', '1b5db_KenkoGelPen.png'),
(19, 'Drawing Pen Pigma Micron', '25000', 'pulpen', 'Sakura', 'Apakah Anda mencari pulpen yang tintanya terjamin permanen? Anda bisa mencoba Drawing Pen Sakura Pigma Micron. Pulpen ini mempunyai tinta Pigma Micron yang sejak dulu dikenal sebagai tinta permanen paling andal. Karena kekuatan tinta inilah, Drawing Pen Sakura Pigma Micron cocok untuk berbagai kebutuhan. Mulai dari kebutuhan catatan arsip, dokumen hukum, sampai untuk menggambar.\r\nHasil Drawing Pen Sakura Pigma Micron tidak akan luntur atau berbulu saat kering, tidak akan bleber di kertas, tahan air dan tahan bahan kimia. Pulpen ini tersedia dalam berbagai ukuran ketebalan mulai dari 0.15 mm sampai 0.6 mm.', '24120_Micron.png'),
(20, 'Gel Drawing Pen', '10000', 'pulpen', 'Artline', 'Rekomendasi pulpen kategori gel dan drawing pen terakhir adalah Artline Drawing System. Pulpen ini memiliki zona menggenggam yang ergonomis dan permukaan pulpen anti selip sehingga nyaman digunakan. Meskipun menulis atau menggambar untuk waktu yang lama, jari-jari Anda tidak akan mudah kelelahan. Artline Drawing System tersedia dalam beberapa ukuran ketebalan mulai dari 0.05 sampai 0.9.', '2a256_Artline.png'),
(21, 'Sinar Dunia', '29500', 'buku tulis', 'sinar dunia', 'Merek buku yang satu ini terkenal dengan kualitas kertasnya yang baik, tidak kasar, tidak mudah robek dan sampul buku dengan grafis yang menarik.Buku tulis produksi Sinar Dunia tersedia dalam berbagai ukuran, desain sampul, jumlah lembaran, yang bisa disesuaikan dengan kebutuhan anak di sekolah. Bahkan tidak hanya buku tulis, Sinar Dunia juga menawarkan berbagai buku gambar yang bagus.', '3d18c_SinarDunia.jpg'),
(22, 'Deli', '4000', 'buku tulis', 'Deli', 'Buku tulisnya memiliki desain yang bermacam-macam, salah satunya ada desain karakter Naruto. Deli juga menyediakan notebook sebagai alternatif catatan lain selain buku tulis.Merek Deli terkenal dengan berbagai macam produk alat tulis. Dimulai dari pulpen, pensil tulis, pensil warna, pengeruk, penghapus, hingga penghapus tinta. Merek ini juga menyediakan produk kebutuhan sekolah lain.', '4b86d_Deli.jpeg'),
(23, 'BMB campus', '36900', 'buku tulis', 'BMB', 'BMB Campus adalah singkatan dari Best Maxi Book. Buku tulis ini berukuran boxy atau campus (18x25 cm) dengan isi 50 lembar dan 36 lembar. Ukuran tersebut sudah sangat cukup untuk memenuhi catatan pelajaran sekolah selama satu semester.Satu pak buku tulis BMB Campus berisi 10 buku. Dengan harga yang cukup terjangkau dan kertas yang berkualitas, buku tulis ini sangat nyaman untuk digunakan ketika menulis materi sekolah.', '4fb7a_BMBCampus.jpeg'),
(24, 'joyko', '3850', 'buku tulis', 'joyko', 'Joyko adalah produk lokal yang terkenal menghadirkan berbagai alat tulis dan alat sekolah lainnya yang menarik dan berkualitas. Untuk buku tulis sendiri, Joyko menghadirkan buku tulis A5 dan B5 dengan cover warna pastel.Kertasnya putih halus dan cerah agar nyaman ketika menulis. Ketebalan tiap kertasnya 70gsm dan ada 40 lembar, karena menyatu satu sama lain. Harga satu buku ini cukup murah, Toppers. Cocok banget jika anak perlu buku tulis berkualitas dalam jumlah banyak.', '3b907_Joyko.jpeg'),
(25, 'kiky', '35900', 'buku tulis', 'Kiky', 'Kiky adalah salah satu merek buku tulis terbaik yang ada di Indonesia. Ukuran yang ditawarkan beragam dan desain sampul bukunya juga menarik. Dari desain feminim dengan dominasi warna pink hingga desain mobil yang keren, semuanya ada di buku tulis Kiky.Kertas dari buku Kiky juga cukup tebat dengan garis baris yang ketara, sehingga Toppers dapat menulis dengan nyaman. Ikatan lem buku pun kuat, sangat cocok untuk digunakan anak yang sangat aktif di sekolah. Buku tulis Kiky dijual dalam pak yang jumlahnya 5 atau 10, tergantung ketebalan buku.', '556ba_kiky.jpg'),
(26, 'AA', '33000', 'buku tulis', 'AA', 'Merk buku AA mungkin akan terdengar asing di beberapa daerah, tapi buku ini sangat terjangkau dan memiliki kualitas kertas yang bagus. Selain itu, buku tulis merek AA menyediakan ukuran boxy dan ada buku tulis garis halus untuk latihan menulis.', '58acc_AA.jpeg'),
(27, 'Estude', '61000', 'buku tulis', 'estude', 'Merek buku yang satu ini merupakan garapan Gramedia dengan desain modern.Desain sampulnya yang lucu-lucu bakal bikin anak-anak semangat belajar. Tersedia pattern Fancy Pastel dan kartun, bukunya berisi 48 lembar cukup untuk keperluan belajar anak satu semester penuh.', '5afd5_Estude.jpeg'),
(28, 'Expo', '4600', 'buku tulis', 'Locomotif', 'Gak kalah dari merek buku tulis lainnya, merek Expo dari Locomotif juga menghadirkan buku tulis dengan desain sampul keren dan kualitas kertas yang bagus. Buku tulis ini memiliki desain sampul yang terinspirasi dari seluruh negara di dunia, ada series Perancis, Brazil, London, dan lain-lain.Selain itu, ada juga desain keren modern lain yang bisa kamu pilih. Merek buku tulis ini menyediakan buku dengan ukuran boxy dengan 42 lembar atau 58 lembar yang bisa Toppers pilih. Dengan desain sampul yang modern, tetapi buku ini memiliki harga terjangkau.', '5eb08_Expo.jpeg'),
(29, 'vision', '28500', 'buku tulis', 'Vision', 'Vision adalah salah satu merek buku dengan harga yang cukup terjangkau, kualitas kertasnya pun sangat memadai keperluan anak di sekolah.Selain menghadirkan buku tulis biasa, Vision juga menghadirkan buku tulis jenis lain. Ada buku kotak besar dan gratis tulis halus yang bakal membantu anak belajar menulis. Buku kotak besar biasanya digunakan untuk mempelajari tulisan Bahasa Mandarin atau Jepang.', '6168a_vision.jpg'),
(30, 'Stic Renature', '30300', 'lem', 'UHU', 'Bagi Anda yang peduli terhadap lingkungan, lem UHU juga memiliki produk go green yang 100% bisa didaur ulang. Kemasannya 58% terbuat dari bahan dasar tanaman, sedangkan isinya 98% terbuat bahan-bahan natural. Selain lebih aman untuk lingkungan, bahan ini juga lebih aman digunakan untuk anak-anak. Meskipun bahannya alami, daya rekatnya tidak berbeda dengan lem UHU lainnya. Daya rekatnya sangat baik terutama untuk merekatkan kertas, Styrofoam, atau sejenisnya.', '6ec29_stickRenature.png'),
(31, 'Wood Glue', '40800', 'lem', 'UHU', 'Untuk menempelkan interior berbahan dasar kayu, Anda ternyata bisa memilih lem untuk merekatkannya. Jika Anda takut menggunakan mesin atau memalu paku, Anda bisa menjadikan lem ini sebagai alternatif. Perekat khusus kayu ini memiliki daya rekat berkekuatan tinggi sehingga Anda tidak perlu khawatir tempelannya akan terlepas. Selain kuat, produk ini juga tahan terhadap suhu lembap. Jadi, Anda bisa mengaplikasikan ini untuk merekatkan kembali lemari kayu atau mainan kayu yang rusak.', '71473_WoodGlue.png'),
(32, 'All Purpose Adhesive', '9450', 'lem', 'UHU', 'Jika anak sering mendapat tugas prakarya dari sekolahnya, Anda wajib menyetok lem UHU Stic ini di rumah. Penggunaan yang mudah dan kenyamanan saat dipegang membuat produk ini menjadi salah satu produk best seller dari UHU.Produk ini direkomendasikan khusus untuk diaplikasikan pada bahan kertas dan karton. Selain bisa membuat prakarya anak-anak, lem ini juga bisa dipakai untuk mendukung pekerjaan Anda. Surat-menyurat, menempel kliping, atau menghias kertas kado jadi makin mudah dan praktis. ', '5ab16_AllPurpose.png'),
(33, 'Stic', '9500', 'lem', 'UHU', 'Jika anak sering mendapat tugas prakarya dari sekolahnya, Anda wajib menyetok lem UHU Stic ini di rumah. Penggunaan yang mudah dan kenyamanan saat dipegang membuat produk ini menjadi salah satu produk best seller dari UHU.Produk ini direkomendasikan khusus untuk diaplikasikan pada bahan kertas dan karton. Selain bisa membuat prakarya anak-anak, lem ini juga bisa dipakai untuk mendukung pekerjaan Anda. Surat-menyurat, menempel kliping, atau menghias kertas kado jadi makin mudah dan praktis.', '78d7d_stic.png'),
(34, 'Disney Princess', '5900', 'penggaris', 'Disney', 'Penggaris ini memiliki panjang sekitar 15cm sehingga dapat dibawa dengan mudah dan masuk ke dalam tempat pensil. Desainnya dipenuhi warna merah mudah dan gambar-gambar tokoh kartun Disney Princess. Dari ukuran dan tampilan, bisa diperkirakan produk ini cocok untuk anak perempuan tingkat SD. Penggunaannya pun dijamin aman dan tidak mudah pecah karena terbuat dari plastik berkualitas dan memiliki lisensi.', 'b922b_DisneyPrinces.jpg'),
(35, 'Angleizer', '20000', 'penggaris', 'Angleizer', 'Obyek 4 sisi dapat diukur dan digambar sekaligus dengan mudah berkat alat ini. Empat kenop pada masing-masing sisi memudahkanmu untuk mengatur panjang serta kemiringan setiap sisi. Tinggal digeser saja sampai kamu menemukan ukuran yang kamu mau. Kelebihan lainnya, penggaris ini mudah disimpan ketika dilipat dan ringan karena terbuat dari plastik yang kuat. Panjang maksimalnya 25 cm dan 12 cm.', 'bc3b2_angleizer.jpg'),
(36, 'Krisbow', '70000', 'penggaris', 'Krisbow', 'Penggaris dari merek petukangan ternama ini memiliki berat 148 gram dengan dimensi 13 x 30 x 2 cm. Karena ringkas, penggaris ini semakin memudahkanmu untuk membuat garis tegak lurus maupun memastikan kesesuaian sudut. Dilengkapi pula dengan skala ukur dalam cm dan inci. Penggaris ini juga memiliki alat penanda digital untuk ketepatan sudut dan panjang skalanya.', 'bf385_krisbow.jpg'),
(37, 'Joyko', '6000', 'penggaris', 'Joyko', 'Penggaris buatan distributor produk alat tulis asal Indonesia ini terbuat dari bahan stainless yang tahan karat dan begitu kuat. Dimensinya 33.2 x 2.9 cm dengan panjang pengukur 30 cm. Kamu dapat mengukur dalam satuan inci dan centimeter dengan menggunakan penggaris ini. Meskipun terbuat dari besi, penggaris ini tidak terlalu berat, sekitar 100 gram, dan dapat membuat garis lurus dengan mudah.', 'c1775_joyko.jpg'),
(38, 'Nankai', '78900', 'penggaris', 'Nankai', 'Perusahaan stationery asal Jepang, Nankai, membuat penggaris dengan panjang satu meter. Produk ini ditujukan untuk keperluan tekstil maupun para arsitek dan kegiatan teknik. Bahan anti karatnya membuat penggaris ini tidak mudah patah.Tulisan angka yang menunjukkan satuan metric dan inci pada penggaris ini sangat awet dan tidak mudah pudar. Kekurangan penggaris ini terletak pada bobotnya karena panjang dan terbuat dari besi.', 'c3675_nankai.jpg'),
(39, 'Ziegel', '94499', 'penggaris', 'ziegel', 'Paket persembahan Ziegel ini terdiri dari dua buah penggaris segitiga. Ada penggaris segita siku-siku sama kaki dengan masing-masing sudut 45 derajat dan panjang 23cm. satu lagi adalah segitiga siku-siku biasa dengan sudut 30 dan 60 derajat, sepanjang 33cm. Ziegel membuat penggaris ini dari bahan plastik yang transparan, sehingga kamu tak akan kesulitan memantau pembuatan garis.', 'c6a72_ziegel.jpg'),
(40, 'Scale Metric', '31999', 'penggaris', 'Deli', 'Deli mendesain penggaris skala ini dengan unik dan efisien. Dimensinya 32,6 x 2,7 x 2,7 dengan berat 73 gram. Untuk penghitungan panjang normalnya mencapai 30 cm. Karena punya tiga sisi, penggaris plastik ini mampu menunjukkan dua skala pada tiap sisinya, secara keseluruhan ada 1:100, 1:200, 1:250, 1:300, 1:400, 1:500. Selain itu, sisi penggaris yang tidak digunakan dapat berfungsi sebagai pegangan supaya hasil gambar tetap lurus dan tidak selip.', 'c98de_ScaleMetric.jpg'),
(41, 'Protractor', '54900', 'penggaris', 'C-Mart', 'Dengan menggunakan produk ini, dipastikan kamu lebih mudah dalam bekerja membuat garis-garis yang memiliki sudut tertentu. Berat totalnya sekitar 100 gram dan sudah dilengkapi dengan penggaris lurus bawaan sepanjang 10 cm. Kamu dapat menarik garus bersudut dengan mudah. Posisi penggaris juga dapat diubah jika kamu mengatur sekrup yang menyatukan kedua penggaris. Dimensinya cukup ringkas, yaitu 24 x 7 x 2cm.', 'd1323_protactor.jpg'),
(42, 'Butterfly', '26000', 'penggaris', 'Butterfly', 'Produk yang satu ini cukup lengkap. Selain untuk penghitungan panjang, penggaris ini digunakan untuk menggambar huruf-huruf, angka, tanda baca, dan simbol kalkulasi. Lebar tiap karakternya sekitar 3mm dengan dimensi total penggaris 3 x 0,4 inci sehingga ringkas dimasukkan ke tempat pensil. Penggaris dengan berat 30gr ini transparan, jadi kamu tetap bisa melihat dan menyelaraskan posisi tulisan di baliknya.', 'd39a0_butterfly.jpg'),
(43, 'Twist N Flex', '20000', 'penggaris', 'Maped', 'Penggaris yang satu ini terbuat dari bahan PVC yang lentur. Produk ini tidak mudah patah meski mengalami tekanan di dalam tempat pensil atau tas, cocok untuk digunakan anak bersekolah. Dengan panjang 20cm, membuat twist n flex mudah untuk disimpan dan bahkan dapat dijadikan gelang tangan. Tersedia dalam banyak varian warna menarik dan cerah seperti biru, merah mudah, dan hijau.', 'd6aef_mapedtwist.jpg'),
(44, 'Rasoplast', '5000', 'penghapus', 'Staedler', 'Selain membantu bersihkan tinta arang pensil secara optimal, Staedtler Rasoplast 526-B20 juga tidak menghasilkan crumbling atau serpihan berlebihan. Pelindung berbahan plastik yang kuat dan mudah disobek menjadikan pemakaian semakin praktis.Di samping itu, penghapus terbaik untuk pensil yang berasal dari Jerman ini bebas phthalate dan lateks sehingga lebih aman buat kesehatan!', 'f65bd_Rasoplas.jpg'),
(45, 'Joyko EB-30', '5000', 'penghapus', 'joyko', 'Joyko EB-30 diklaim mampu bertahan hingga bertahun-tahun. Joyko mendesain penghapus ini dengan bentuk persegi panjang menyerupai balok dan dibungkus kertas karton tebal yang mudah disobek untuk menyesuaikan ketika penghapus sudah pendek.Terdapat dua varian warna penghapus pensil Joyko EB-30, yakni hitam dengan black cover dan putih dengan blue cover. Penghapus terbaik untuk pensil berbahan karet yang lentur merek Joyko ini akan membersihkan kesalahan hingga tuntas dan rapi!', 'f95e6_EB-30.jpg'),
(46, 'Deli 3041', '5000', 'penghapus', 'Deli', 'Saat melaksanakan ujian, pelajar umumnya memakai pensil berjenis 2B karena mampu menggoreskan warna kereng. Tetapi, saat terjadi kesalahan, menghapus pensil 2B cukup merepotkan. Kabar baiknya, penghapus pensil dari Deli satu ini mampu membersihkan kesalahan pensil 2B sampai bersih total.Menariknya lagi, Deli E-3041 bukan sebatas menghapus hingga bersih, tetapi juga bebas serpihak! Belum lagi dimensi penghapus terbaik bertekstur lembut yang hanya 4 cm x 2 cm x 2 cm ini kecil dan tidak memakan banyak tempat di pencil case, siapa yang tidak tertarik?', 'fdba3_Deli.jpg'),
(47, 'Pilot EE-101', '5000', 'penghapus', 'Pilot', 'Di samping desainnya ergonomis, penghapus terbaik Pilot EE-101 juga mampu menghapus dengan bersih tanpa meninggalkan butiran-butiran kotor yang menambah pekerjaan.Permukaan bersih dari serpihan, OHP film, dan sebagainya untuk menjaga kertas tetap jernih. Terbuat dari material premium yang ramah lingkungan, penghapus ini cocok dan aman untuk anak-anak.', '00620_pilot.jpg'),
(48, 'Pelikan BR 80', '5000', 'penghapus', 'pelikan', 'Penghapus terbaik Pelikan ini bisa menjadi pilihan utama untuk Anda yang malas menyiapkan dua jenis penghapus untuk membersihkan arang pensil atau menghapus tinta pulpen. Benar sekali, Pelikan BR 80 adalah penghapus yang dirancang agar mampu menghilangkan drawing ink, ball pen, lead pencils, dan typescript.Penghapus rubber ini punya dua sisi. Sisi satu atau sektiar 2/3-nya berfungsi sebagai penghapus pensil dan sisi lainnya yang berukuran 1/3 dari total ukuran penghapus berguna sebagai penghapus tinta bolpoin, ink, drawing ink, dan typescript. Serbaguna!', '03678_pelikan.jpg'),
(49, 'Boxy EP-60 BX', '5000', 'penghapus', 'Boxy', 'Berdimensi 1,2 cm x 1,2 cm x 5,7 cm, penghapus warna hitam ini berkinerja lebih baik dalam membersihkan tinta graphite, charcoal, dan pastel dibandingkan penghapus berwarna putih. Walau bentuknya panjang, penghapus terbaik ini tersusun dari bahan yang kuat dan tidak mudah patah!', '06305_Boxy.jpg'),
(50, 'Faber Castel 7294', '3000', 'penghapus', 'Faber Castel', 'Selain menjamin hasil penghapusan yang optimal, Faber Castell juga memastikan produk ini tidak meninggalkan debu atau residu pada kertas. Efek shady yang biasa muncul akibat pemakaian penghapus yang buruk takkan Anda alami apabila mengandalkan penghapus ini.Di samping itu, Faber Castell 7294 juga dipasarkan dengan harga murah. Tersusun dari komponen karet yang lembut, penghapus terbaik yang berukuran kecil ini tidak akan merusak kertas Anda. Cocok juga untuk Anda yang hobi menggambar!', '0a533_FaberCastle.jpg'),
(51, 'Sakura Foam Eraser', '5000', 'penghapus', 'Sakura', 'Sakura Foam Eraser W 100 adalah penghapus terbaik berbahan foam lembut yang elastis dan bekerja secara efisien di segala tinta grafit pada permukaan kertas. Sakura Foam juga menjamin produk besutannya ini mampu mempertahankan warna putih kertas.Anda tidak perlu risau soal bekas pensil yang masih tersisa di permukaan kertas Anda. Apalagi, penghapus asal Jepang ini hanya berdimensi 1,1 cm x 5,9 cm x 2,4 cm, mungil, mudah digunakan, dan tidak mengambil space banyak saat disimpan!', '0d363_SakuraFoam.jpg'),
(52, 'LYRA', '10000', 'penghapus', 'LYRA', 'Dilengkapi kotak mungil untuk menjaga kualitas penghapus saat tidak digunakan.Siapa pun yang ingin membersihkan partikel grafit, charcoal, chalk (kapur), dan pastel bisa mempercayai LYRA Kneadable Eraser. Penghapus import ini diklaim tidak meninggalkan sisa serpihan. Di samping itu, penghapus ini juga lebih tahan lama dibandingkan jenis penghapus lain.Anda dapat menyimpan penghapus terbaik ini di pencil box tanpa takut menempel ke alat tulis lain. Hanya berukuran 3 cm x 3 cm x 1 cm, penghapus berstandar Jerman ini tidak memakan banyak tempat ketika disimpan.', '11564_kneadable.jpg'),
(53, 'Tombow Mono', '15000', 'penghapus', 'Tombow', 'Tombow Mono Zero Eraser 2,3 Circle merupakan penghapus berbentuk pensil Eraser – Award Winning design ini dapat menghapus dengan sangat akurat dan bersih.Penghapus cetusan Tombow sangat cocok untuk Anda yang berprofesi sebagai desainer, arsitek, kartunis, dan lain sebagainya. Bentuknya yang menyerupai pensil menjadikan penghapus ini sangat praktis dan mudah dibawa.Dalam satu paket pembelian, Anda akan memperoleh penghapus sepanjang 12 cm dan diameter selebar 8 mm lengkap dengan 1 buah isi penghapus yang sudah terpasang.', '148d2_Tombow.jpg'),
(54, 'Faber Castel Dust Free', '5000', 'penghapus', 'Faber Castel', 'Hampir seluruh orang Indonesia familiar dengan Faber Castell. Beragam alat tulis diproduksinya, mulai dari pensil warna, krayon, pulpen, hingga penghapus. Jika Anda mengutamakan kualitas produk, kami yakin Faber Castell Dust Free ini memuaskan keinginan Anda. Selaras dengan namanya, penghapus ini diklaim bebas serpihan atau dust-free.Sehabis menghapus, si kecil atau Anda sendiri bisa langsung melanjutkan tulisan tanpa repot menyingkirkan serpihannya. Dengan demikian, sebanyak apa pun tulisan yang ingin dihapus, tidak usah khawatir karena kelebihannya ini. Di samping itu, produk ini bukan hanya mampu menghapus goresan pensil kayu, tetapi juga pensil mekanik.', '170c8_DustFree.jpg'),
(55, 'Kenko Eraser', '5000', 'penghapus', 'kenko', 'Penghapus yang dikeluarkan oleh Kenko mungkin tidak asing bagi kalangan artist. Produk berjenis kneaded eraser atau penghapus uli seri ERW-40SQ berikut dapat membantu menghapus beberapa area yang salah pada sketsa. Tekstur penghapus yang elastis seperti lilin dapat meliuk mengikuti arah tekanan Anda.Kenko Eraser ERW-40SQ berdimensi 3 cm x 4 cm x 1 cm, cukup kecil dan tidak memakan tempat saat diletakkan ke dalam pencil case. Menariknya lagi, produk ini dapat menghapus berbagai jenis pensil, mulai dari pensil biasa untuk menggambar sketsa, hingga pensil hitam berbahan charcoal, kapur, atau krayon sekalipun!', '7fec0_Kenko.jpg'),
(56, 'Faber Castel EBTA', '5000', 'penghapus', 'Faber Castel', 'Keuntungan dari membeli produk Faber Castell bukan cuma kualitasnya yang terbukti bagus, tetapi Anda tidak bakal kesulitan untuk membelinya secara offline. Penghapus Faber Castell EBTA & SPMB misalnya, produk ini adalah pilihan yang banyak diburu pelajar ketika menjelang ujianBahannya yang lembut dapat menghapus secara sempurna tanpa meninggalkan bayangan pensil yang baru saja dihapus. Tenang saja, produk ini tidak akan merusak kertas ujian sesering apa pun digunakan. Selain itu, penghapus pasir yang satu ini juga mampu membersihkan coretal pensil yang tebal, semisal pada kertas jawaban di bagian pilihan ganda.', '8613c_EBTA.jpg'),
(57, 'Derwent Dual', '5000', 'penghapus', 'derwent', 'Derwent Dual Eraser menyediakan dua macam penghapus dalam satu kemasannya, yakni soft art eraser dan art eraser. Perbedaan antara kedua ini terletak pada tingkat kemampuannya dalam menghapus. Misalnya, untuk soft art eraser difungsikan sebagai bagian penghapus garis halus.Sementara penghapus yang satunya lagi, yaitu art eraser dapat digunakan untuk membersihkan semua jenis pensil, baik itu pensil charcoal, pensil warna, dan semacamnya. Apabila Anda orang yang hobi membuat gambar atau sketsa, penghapus sajian Derwent berikut bisa menjadi pilihan. Fleksibilitas penggunaan merupakan nilai lebih dari produk ini.', '9e6a1_Derwent.jpg'),
(58, 'Technic duo', '5000', 'penghapus', 'Maped', 'Kami rekomendasikan penghapus Maped kepada Anda yang mencari produk dengan jaminan keamanan tinggi. Terdapat dua sisi warna dalam satu produk, yaitu bagian berwarna putih dari bahan karet dan bagian berwarna biru yang terbuat dari bahan pasir. Untuk warna birunya dibuat lebih sedikit, dibandingkan sisi warna putih yang lebih dominan.Dengan satu penghapus ini, Anda sudah bisa menghapus tinta menggunakan sisi birunya, dan menghapus goresan pensil menggunakna sisi berwarna putihnya. Selain fleksibel, produk ini juga bebas dari bahan PVC sehingga aman dan ramah lingkungan.', 'a1959_MapedDuo.jpg'),
(59, 'Mono Plastic', '5000', 'penghapus', 'Tombow', 'Nama penghapus ini apakah asing di telinga Anda? Tenang saja, meski belum dikenal banyak orang, salah satu produk Tombow ini termasuk unggulan di beberapa negara. Mono Plastic Eraser mempunyai cover berbentuk U yang dapat mencegah kerusakan penghapus ketika digunakan. Anda bisa menekuk cover untuk menjaganya agar tidak lepas, sehingga penghapus tetap optimal fungsinya.Penghapus plastik besutan Tombow ini dipasarkan dengan harga belasan ribu saja. Dengan harga yang terjangkau itu, penghapus ini mampu membersihkan banyak area tanpa perlu menekannya keras-keras. Makanya tak heran kalau penghapus ini menjadi pilihan banyak orang karena tidak menimbulkan kerusakan pada kertas.', 'a5927_Mono.jpg'),
(60, 'Stabilo Exam Grade', '5000', 'penghapus', 'Stabilo', 'Penghapus yang dikeluarkan oleh Stabilo dirancang dengan daya tahan tangguh. Meski demikian, Anda tidak perlu menekan penghapus terlalu kencang karena daya hapusnya juga terbukti kuat. Selain itu, bahannya yang empuk membuat tangan Anda tidak terasa seperti sedang memegang benda fisik yang berpermukaan solid.Dapat menghapus pensil, pensil warna, dan krayon adalah kelebihan utama dari produk ini. Stabilo Exam Grade Series dihadirkan sebagai kebutuhan pelajar, baik untuk aktivitas hariannya di sekolah, hingga ketika memasuki musim ujian. Diberikan kepada anak-anak pun tidak masalah karena bebas racun phyhalates dan dust free.', 'a8d55_Stabilo.jpg'),
(61, 'Grip', '10000', 'penghapus', 'Faber Castel', 'Faber Castell menghadirkan penghapus yang cocok untuk kamu yang hobi menggambar dan mewarnai. Grip Eraser ini dapat kamu gunakan untuk menghapus crayon dan juga pensil warna.Hadir dengan bentuk unik seperti bulat dan segitiga yang unik, memudahkan kita untuk menghapus dalam sudut tertentu. Selain itu, penghapus ini juga hadir dengan aneka warna yang menarik dan tidak beracun, aman untuk anak-anak. Productnation.', 'abc06_Grip.jpeg'),
(62, 'OHOME', '20000', 'penghapus', 'Deli', 'Jika biasanya menghapus membutuhkan tenaga kita sendiri, berbeda dengan penghapus jenis ini. OHOME, merupakan jenis penghapus listrik dengan kekuatan baterai yang berfungsi untuk membantu kamu dalam menghapus bagian yang tidak diinginkan dengan cepat dan mudah.Menggunakan dua buah baterai AAA, alat ini memiliki tekstur yang padat dan lentur, sehingga dapat digunakan untuk menghapus area terkecil sekalipun. Productnation', 'adf8c_OHOME.jpeg'),
(63, 'Animal Eraser', '10000', 'penghapus', 'Productnation', 'Nggak cuma bentuk kotak, sekarang penghapus memiliki bentuk yang beragam, termasuk yang satu ini. Dengan aneka macam bentuk mulai dari makanan, hewan, sampai perkakas rumah membuatnya cocok untuk dijadikan pelengkap perlengkapan alat tulis untuk anak.Saking lucunya, sampai sayang rasanya menggunakan penghapus ini. Bahan yang digunakan adalah karet murni, sehingga nyaman ketika dipegang ketika digunakan untuk menghapus.', 'b2f47_AnimalEraser.jpg'),
(64, 'HB Pencil', '11000', 'pensil', 'joyko', 'Keunikan pensil Joyko HB ini terletak pada keberadaan penghapus mini di bagian ujungnya. Dengan begitu, Anda tak akan pernah lupa membawa penghapus. Hal tersebut tentu akan sangat membantu, terutama bagi Anda yang sering menggambar.Penghapus yang melekat pada pensil gambar Joyko ini bahkan bisa membersihkan coretan dengan resik tanpa merusak kertas. Meski dilengkapi penghapus built-in, harga pensil Joyko 1 pack ini paling murah dibandingkan produk lainnya, lho..', 'bdf59_HBPencil.jpg'),
(65, 'Mechanical', '4500', 'pensil', 'joyko', 'Pensil mekanik Joyko umumnya menawarkan warna-warna neon untuk menambah semangat anak-anak dalam belajar. Sayangnya, warna tersebut kurang cocok untuk orang kuliahan atau pekerja kantoran.Nah, bila Anda membutuhkan pensil mekanik Joyko yang dapat memberikan tampilan profesional, produk ini layak dipertimbangkan. Dengan beragam pilihan warna-warna doff, pensil Joyko ini tidak terlihat terlalu mencolok.', 'c08d1_Mechanical.jpg'),
(66, 'Kenko Watercolor Pencils ', '13000', 'pensil warna', 'Kenko', 'Pensil warna ini memiliki ujung yang kuat dan cocok untuk digunakan untuk teknik layering. Didesain dengan pigmentasi warna berkualitas tinggi, anak bisa leluasa bereksperimen memadukan warna yang diinginkan. Produk ini juga sudah disertai kuas untuk menggunakannya sebagai cat air.', 'd7191_KenkoWatercolor.jpg'),
(67, 'Joyko CP-8', '16000', 'pensil warna', 'Joyko', 'Selanjutnya, salah satu pensil warna yang bagus dan laris adalah Joyko Color Pencil CP-8. Dalam satu kemasan terdiri dari 12 varian warna yang halus dan memiliki pigmentasi berkualitas tinggi. Tidak hanya itu, kamu bisa mendapatkan rautan, lho, Toppers. Pensil warna ini juga tidak mudah patah. Hal itu dikarenakan Joyko menggunakan isi pensil dan kayu yang kuat. ', 'da3cd_JoykoColorPencil.jpg'),
(68, 'Staedtler Luna', '46900', 'pensil warna', 'Luna', 'Staedtler merupakan merek alat tulis dari Jerman yang berkualitas tinggi. Staedtler Luna ini menghadirkan desain pensil warna yang nyaman untuk digenggam dan digunakan. Selain itu, produk satu ini tidak mudah patah dan mudah diraut sehingga kamu dapat menggunakannya dalam jangka waktu lama. Pigmentasi warna juga tidak perlu diragukan lagi, Toppers! Jika kamu membeli produk ini, kamu tidak perlu lagi repot-repot membeli rautan sebab kamu bisa mendapatkannya secara gratis. ', 'ddab2_Luna.jpg'),
(69, 'Faber Castel 24', '44000', 'pensil warna', 'Faber Castel', 'Menggunakan teknologi Jerman, Faber Castell menawarkan pensil warna yang aman dan bebas racun. Jadi, ini sangat aman digunakan untuk kalangan anak, ya, Toppers. Produk ini memiliki 24 varian warna. Namun, juga tersedia dalam 12, 36, dan 48 varian warna. Ujung pensilnya juga tidak mudah patah karena menggunakan sistem SV Bonding. Menarik bukan, Toppers? ', 'e0a3b_FaberCastle24.jpg'),
(70, 'Greebel 36', '55000', 'pensil warna', 'Greebel', 'Produk pensil warna satu ini memiliki 36 varian warna dan dilengkapi dengan rautan. Layaknya pensil biasa, pensil warna ini memiliki bentuk heksagon (segi enam). Menggunakan ketebalan lead sebesar 2.8 mm menjadikan pensil warna tidak mudah patah, lho, Toppers. Kamu juga tidak perlu khawatir akan bahannya, sebab pensil warna Greebel ini telah lulus uji non toxic formula sehingga aman digunakan pada kalangan anak. Selain kertas, produk ini juga cocok untuk digunakan di media kayu, kanvas, dan stik es krim.', 'e310d_Greebel36.jpg'),
(71, 'Maped Smart Box', '66000', 'pensil warna', 'Color Peps', 'Bila kamu mencari pensil warna dengan harga yang relatif murah, kamu bisa mencoba produk satu ini.Terlebih lagi, kamu tidak perlu membeli penghapus dan rautan secara terpisah, sebab sudah diberikan satu paket bersama Maped Color’Peps Smart Box ini.', 'ec5ab_PepsSmartBox.jpg'),
(72, 'Swans Arty', '30000', 'pensil warna', 'Stabilo', 'Menghadirkan premium lead yang halus menjadikan goresan pensil warna satu ini terang dan cerah, lho, Toppers. Nah, ini juga sangat cocok digunakan untuk kegiatan mewarnai yang memerlukan pencampuran beberapa warna. Tidak hanya itu, Stabilo Swans Arty sudah lulus kriteria EN 71 sehingga aman untuk digunakan anak-anak. Bagi kamu yang menginginkan pensil warna gold & silver, kamu bisa mencoba varian warna 24, 36, dan 48 pcs. Sebab, untuk 12 pcs tidak terdapat warna tersebut, Toppers. ', 'ef0eb_SwansArty.jpg'),
(73, 'Deli 36C', '87000', 'pensil warna', 'Deli', 'Selanjutnya, Deli EC00235 merupakan salah satu pensil warna yang bagus. Pensil warna ini menggunakan basswood yang berkualitas tinggi sehingga memudahkannya untuk diraut. Warna-warna yang disediakan pun sangat beragam dan menarik. Pensil warna berdiameter 3.0 mm ini mempunyai bentuk triangular dan sudah bersertifikasi CE, lho, Toppers. ', 'f2d86_EC00235.jpg'),
(74, 'Fila Aquarell', '99000', 'pensil warna', 'LYRA', 'Hanya dengan satu goresan dari pensil warna Lyra, permukaan kertas sudah terlihat warnanya. Sebab, pensil warna ini memiliki tingkat pigmentasi yang tinggi. Kamu juga tidak perlu khawatir mengenai daya tahannya. Terbuat dari cedarwood bersertifikasi PEFC menjadikan pensil warna berdiameter 3,8 mm ini tidak mudah patah dan tahan lama. Produk ini tersedia dalam 12, 24, dan 36 varian warna, Toppers.', 'f6851_Graduate.jpg'),
(75, 'Derwent ', '230800', 'pensil warna', 'derwent', 'Jika ingin menghasilkan warna gradasi, Derwent Coloursoft Pencils menjadi salah satu pilihan terbaik. Hal ini dikarenakan pensil warna ini menawarkan berbagai varian warna yang dipadukan dengan pastel. Sementara, untuk lightfastness ranges-nya (rentang tahan luntur) sebesar 2 hingga 8, Toppers. Kamu juga bisa memilih jumlah varian warna sesuai kebutuhanmu. Sebab, Derwent menghadirkan beberapa varian mulai dari 12, 24, 36 hingga 72 warna. ', 'f97a2_Derwent.jpg'),
(76, 'Prismacolor ', '315000', 'pensil warna', 'Prismacolor', 'Menggunakan laydown warna yang sangat halus dan merata menjadikan hasil warna menggunakan Prismacolor terkesan ekspresif, Toppers. Selain itu, produk ini sangat cocok digunakan untuk blending dan shading, lho. Ujung pensil juga dibuat kuat dan tebal sehingga tidak mudah retak dan pecah. Inilah yang membuat pensil warna ini menjadi salah satu pensil warna yang bagus. Jadi, apakah kamu tertarik, Toppers? ', 'fc968_Prismacolor.jpg'),
(77, 'Shaker 2 Hole', '8000', 'Rautan', 'Maped', 'Jika kamu merasa kesulitan dalam membersihkan rautan, tidak perlu khawatir lagi. Dengan adanya rautan mobile ini, kamu dapat dengan mudah mengeluarkan isi pensil yang tersangkut pada bagian mata pisau. Maped Shaker 2 Hole yang terbuat dari material plastic tebal, lengkap dengan kotak penampungan, dan pisau yang tajam, dapat memudahkanmu meruncingkan pensil ukuran kecil maupun besar. productnation', '0d28c_Shaker.jpg'),
(78, 'Rotating Doll', '25000', 'Rautan', 'Kenko', 'Kenko menghadirkan rautan pensil model putar berbentuk boneka, dalam berbagai varian warna yang menarik. Desainnya ini dijamin akan disukai oleh anak-anak. Dengan lubang rautan kecil yang sesuai dengan segala jenis ukuran pensil, membuatnya menjadi sangat aman ketika digunakan. Untuk menggunakannya, hanya perlu memutar bagian tuasnya. Sangat praktis, bukan? Productnation', '0fbb3_RotatingDoll.jpg'),
(79, 'Ringsun', '82000', 'Rautan', 'Ringsun', 'Memiliki kualitas premium merupakan keunggulan dari produk Ringsun. Ringsun Auto Pencil Sharpener dapat meraut secara otomatis saat pensil dimasukkan kedalamnya. Untuk mengaktifkannya, kamu hanya memerlukan 2 buah baterai AA ataupun menggunakan kable USB. Pemakaian daya baterai yang rendah, membuat rautan ini dapat digunakan dalam jangka waktu yang lama. Produk ini cocok dipilih sebagai peralatan kantor. Productnation', '12d74_Ringsun.jpg'),
(80, 'Stabilo Sharpener', '8000', 'Rautan', 'Stabilo', 'Jika kamu sedang mencari rautan pensil untuk ujian ataupun keperluan sehari-hari, produk dari Stabilo ini merupakan pilihan yang tepat. Bentuknya yang mungil, sangat pas dibawa kemana saja. Dari segi kualitasnya, bagian mata pisaunya terbuat dari bahan stainless steel sehingga tidak mudah berkarat dan awet digunakan dalam jangka waktu yang lama. Productnation', '15a86_Stabilo.jpg'),
(81, 'Smiggle Clam', '25000', 'Rautan', 'Smiggle', 'Produk rautan dalam bentuk unik seperti kerang di pantai ini, memiliki grip yang terbuat dari bahan karet dan mata pisau yang tajam. Untuk membersihkan sisa-sisa rautan dari alat yang satu ini pun sangatlah mudah, cukup dengan membuka lebar bagian sampingnya. Smiggle Clam Sharpener tersedia dalam varian warna ungu, biru, dan pink. Productnation', '18e89_smiggle.jpg'),
(82, 'Joyko A5', '55000', 'Rautan', 'joyko', 'Produk Joyko yang terbuat dari bahan stainless berkualitas dan berdimensi 12.5 x 13 x 7 cm ini, memiliki tempat penampungan yang lumayan besar. Selain itu, produk rautan ini dilengkapi dengan pengunci besi untuk dipasangkan pada meja, guna menjaga kestabilan rautan sewaktu digunakan. Harganya memang termasuk mahal, namun kualitas Joyko A5 sangatlah terjamin! Productnation', '1b257_A5.jpg'),
(83, 'Faber Castel Sharpener', '5500', 'Rautan', 'Faber Castel', 'Produk dari Faber Castell ini memiliki ukuran yang compact dan praktis dibawa kemana saja. Cocok digunakan untuk menyerut pensil dengan diameter sekitar 8 mm. Untuk kualitasnya, ketajaman pisau rautan Faber Castell tidak kalah dengan produk rautan lainnya, karena menggunakan stainless steel yang tidak mudah berkarat pada bagian mata pisaunya.', '1aa10_FaberCastell.jpg'),
(84, 'Tinc Dual Tip', '40000', 'Rautan', 'Tinc', 'Ingin memiliki pengserut yang multifungsi? Produk keluaran Tinc ini jawabannya. Tinc Dual Tip & Top merupakan perpaduan antara rautan pada salah satu sisinya dan juga penghapus pada bagian sisi yang lain. Jadi, dengan memiliki alat mungil 2 in 1 berwarna biru ini, kamu tak perlu repot-repot lagi membawa rautan secara terpisah. Sangat menarik, bukan?', '2a82d_Tinc.jpg'),
(85, 'Angel-5', '183000', 'Rautan', 'Carl', 'Rautan Carl model putar ini menggunakan mata pisau rotary cutter yang dapat membuat pensil membentuk busur sempurna dan tidak mudah patah. Meski disertai juga dengan pengunci besi, bobot pengserut yang cukup berat dan stabil, membuatnya tidak mudah bergoyang ketika digunakan. CARL Angel-5 tersedia dalam varian warna biru, hitam, hijau, dan merah. productnation', '2d850_Carl.jpg'),
(86, 'SHS-804', '33600', 'Rautan', 'Combo', 'Produk rautan Combo berdimensi 10 cm x 8 cm x 5,5 cm ini memiliki desain yang terlihat sangat menarik, terutama untuk anak laki-laki. Dibentuk menyerupai pesawat, bagian kincirnya bisa dimainkan oleh si kecil dengan cara ditiup atau diputar dengan tangan. Cara menggunakannya pun sangat simple, kamu cukup memutar bagian tuas di belakangnya. Productnation', '30b71_SHS-804.jpg'),
(87, 'Uni Mitsubishi', '43000', 'Spidol', 'Mitsubishi', 'Posca adalah spidol yang menurut saya sangat unik karena memiliki hasil akhir seperti cat air. Ujung spidol ini berukuran cukup besar sehingga cocok digunakan untuk blocking warna pada bidang gambar lebar. Hasil warnanya solid dan tidak menumpuk ketika bersinggungan dengan warna lain. Poin yang tak kalah penting adalah pilihan warnanya yang banyak dan menarik. Hasil ilustrasi kalian pastinya akan menjadi lebih cantik berkat produk yang satu ini.  Posca mengeluarkan berbagai macam ukuran dan bentuk ujung spidol yang berbeda-beda untuk berbagai keperluan. Selain itu, produk ini bisa digunakan untuk menggambar di berbagai permukaan, lho! Kalian bisa berkarya di berbagai media seperti kain, keramik, kayu, kanvas, hingga tembok menggunakan spidol ini. ', '435f3_Posca.png'),
(88, 'Too Maraker', '45000', 'Spidol', 'COPIC', 'Sepertinya spidol ini sudah sangat terkenal karena kualitasnya yang bagus. Produk ini juga sering dijadikan simbol keseriusan seseorang dalam menggambar karena harganya yang cukup mahal dibandingkan dengan spidol biasa. Namun, ini sebanding dengan kualitasnya yang menurut saya sudah tidak perlu diragukan lagi. Selain itu, produk ini juga sangat awet serta memiliki akurasi warna yang sangat tinggi.Bagian ujung spidol ini bisa diganti sesuai kebutuhan. Bagi saya pribadi, brush tip-nya sangat cocok untuk jenis ilustrasi saya karena ujungnya berbentuk lancip. Meskipun begitu, bagian ujungnya ini tetap empuk dan bisa ditekan untuk mendapatkan garis yang tebal.', '47775_Too.jpeg'),
(89, 'Arte Twin', '15000', 'Spidol', 'Paperie lab', 'Anda butuh spidol untuk mewarnai sekaligus meng-highlight tulisan penting? Kami rekomendasikan produk ini untuk Anda. Salah satu ujung spidol dari Papire Lab ini dapat Anda gunakan untuk menulis dan mewarnai. Sementara itu, ujung lainnya bisa Anda gunakan untuk menandai tulisan yang penting.Spidol ini memiliki sepuluh pilihan warna pastel. Dengan menggunakan spidol ini, tulisan dan gambar yang dihasilkan akan menyejukkan mata. Selain itu, spidol ini juga punya bentuk yang kekinian. Sayangnya, terkadang tutup spidol susah untuk dibuka.', '4a69e_arte.png'),
(90, 'Artline', '12800', 'Spidol', 'Shachihata', 'Whiteboard dibutuhkan dalam meeting di kantor saat membahas suatu masalah. Namun, beberapa kantor memilih menggunakan papan dari kaca. Jika kantor Anda demikian, gunakanlah Artline Glassboard Marker. Produk spidol ini memang dirancang khusus untuk media kaca.Spidol dari Shachihata ini memiliki ujung berbentuk bulat dengan ukuran cukup besar. Hal ini menjadikan tulisan yang Anda goreskan di media kaca jelas terlihat. Selain itu, tinta spidol juga mudah dihapus. Jika tidak ada penghapus, Anda dapat menghapus tintanya dengan kain kering atau kain lembap.', '4dae5_arline.png'),
(91, 'Snowman Marker', '5274', 'Spidol', 'snowman', 'Tinta spidol sering kali meninggalkan bekas di papan tulis. Hal tersebut dapat menyebabkan papan tulis terlihat kotor. Anda tidak ingin papan tulis yang Anda miliki bernasib sama, bukan? Untuk itu, kami sarankan Anda menggunakan board marker dari Snowman.Spidol papan tulis dari Snowman memiliki tinta yang pekat. Akan tetapi, tinta tersebut tidak akan meninggalkan bekas di papan tulis. Tinta juga mudah dihilangkan dengan penghapus. Selain itu, pilihan warnanya pun beragam, mulai dari berbagai warna gelap hingga warna terang..', '51564_snowman.png'),
(92, 'Boss Highlighter', '32000', 'Highlighter', 'Boss', 'Stabilo Boss berguna untuk menandai teks yang menurut kita penting. Stabilo Boss memiliki kualitas yang sangat baik dan mudah digunakan  Warnanya sangat menarik memberikan kesan tersendiri .Warna Kuning , Orange , Pink , Biru, Hijau, Merah, Ungu  ', '4c109_BOSS.jpg'),
(93, 'Frixion', '119000', 'Highlighter', 'Frixion', 'Dilengkapi dengan penghapus di ujungnya ( stabila bisa dihapus).Terdiri dari 2 tipe warna yaitu warna soft ( pastel ) dan warna terang ( neon )', '4eaa6_Frixion.jpeg'),
(94, 'Swing Cool', '105975', 'Highlighter', 'Swing Cool', 'Stabilo biasa digunakan untuk menandai bagian penting dalam suatu dokumen, atau mewarnai karya maupun tulisanKetebalan garis 2mm dan 5mm, dan memiliki proteksi anti kering selama 4 jam dalam keadaan tutup terbuka, sehingga memudahkan anda untuk melakukan pekerjaan yang memerlukan konsentrasi penuh', '53c63_SwingCool.jpeg'),
(95, 'Pero Bear', '149100', 'Highlighter', 'Pero', 'Color/Type 6 colors (red/orange/yellow/blue/green/purple). Packaging  Set.Size Mini.Package Quantity  6 Colors/Box.Erasable Or Not  No. Type  Highlighter .Multi Colored  Yes. Use Promotional Markers & Highlighters. Dual-side Writing No. Model Number Highlighter Stationery', '56041_Pero.jpeg'),
(96, 'Mechanical Highlighter', '17500', 'Highlighter', 'Exam', '2mm.Tersedia refill,Tidak mudah patah,Design pegangan nyaman,Ramah lingkungan karna tidak menggunakan material kayu untuk body pensil yg seperti pensil pada umumnya.', '59ee8_MechanicalMarker.jpeg'),
(97, 'Kangaroo Gun Tracker', '78500', 'Stapler', 'Kangaroo', 'Alat ini adalah stapler dengan ukuran yang paling besar. Banyak juga yang menyebutnya sebagai gun tacker. Selain untuk membuat kotak-kotak penyimpanan yang cantik, kita juga bisa menggunakannya untuk mengganti cover jok kursi. Mengganti jok kursi memang bukan pekerjaan mudah. Namun, bila kita hanya mengganti cover-nya saja, siapa pun bisa melakukannya.', '6e079_Kangaroo.jpg');
INSERT INTO `produk` (`id_produk`, `nama_produk`, `harga_produk`, `kategori_produk`, `merek_produk`, `spesifikasi_produk`, `img`) VALUES
(98, 'Kokuyo Harinacs', '290000', 'Stapler', 'Kokuyo', 'Produk ini merupakan upgrade dari stapleless seri sebelumnya keluaran Kokuyo. Stapler ini memiliki mata pengikat tanpa jarum sehingga tidak meninggalkan bekas lubang pada kertas. Namun, tidak perlu khawatir karena kertas-kertas Anda akan tetap melekat erat.Stapler ini bekerja hanya dengan memberikan efek gelombang press pada kertas. Anda hanya perlu meluruskan kembali gelombang pada kertas untuk melepaskan ikatan. Produk ini merupakan stapler yang bagus sebagai alternatif paper clip.', '71782_Kokuyo.jpg'),
(99, 'Less Magic', '24500', 'Stapler', 'Magic', 'Produk berbentuk bulat ini tepat dipilih jika Anda menyukai stapler dengan desain unik. Anda hanya perlu menekan bagian atasnya dengan telapak tangan untuk menggunakan stapler berbahan plastik ini. Selanjutnya, kertas Anda akan bersatu dengan rapi tanpa perlu adanya staples.Varian warna yang menarik dari produk ini cocok untuk orang dewasa ataupun remaja. Ukuran yang kecil pun membuatnya mudah disimpan di dalam kotak pensil. Selain untuk pribadi, Anda bisa menjadikan produk ini sebagai hadiah unik bagi keponakan atau saudara yang masih sekolah.', '746ba_LessMagic.jpeg'),
(100, 'Bantex Pocket', '30525', 'Stapler', 'Bantex', 'Anda mencari stapler mini yang mudah diselipkan ke saku atau kotak pensil? Jika iya, produk ini tepat untuk Anda. Ringkas dan mini, ukurannya hanya separuh dari produk standar pada umumnya. Produk ini juga bisa ditutup ketika tidak digunakan sehingga keamanannya lebih terjamin.Stapler berdesain slim ini cocok untuk Anda yang lebih sering menyatukan sedikit kertas saja. Selain itu, produk ini bisa dipilih bila Anda sering membawa-bawa stapler karena mudah disimpan di dalam saku.', '7745d_Bantex.jpeg'),
(101, 'joyko Stapler ', '75400', 'Stapler', 'joyko', 'Bagi Anda yang suka membuat buku kecil atau booklet, stapler ini pas untuk Anda. Stapler Joyko ini sangatlah panjang sehingga Anda dapat menyatukan beberapa kertas menjadi satu buku.Selain itu, stapler ini memiliki deepth gauge yang dapat menahan kertas hingga 25 lembar. Produk ini juga sangat awet dan tahan lama karena berbahan besi.', '7cc46_Joyko.png'),
(102, 'Heavy Duty', '120000', 'Stapler', 'Deli', 'Apakah Anda sering merasa pegal saat menggunakan stapler? Terlebih jika dokumen yang harus disatukan cukup banyak, Anda harus mengeluarkan tenaga lebih. Hal ini agar semua kertas dapat disatukan dengan baik.Nah, bisa jadi produk ini adalah solusinya untuk Anda. Meski merupakan stapler besar, produk ini berbobot 60 gram saja. Jadi, Anda dapat menjepit ratusan kertas dengan cepat, nyaman, dan tanpa pegal!', '7fa22_Heavy.jpeg'),
(103, 'joyko Heavy Duty', '123500', 'Stapler', 'Joyko', 'Stapler heavy duty memiliki kemampuan lebih unggul dari tipe standar saat Anda perlu menyatukan banyak kertas. Nah, produk ini bisa Anda andalkan untuk kebutuhan tersebut. Stapler besar ini mampu menyatukan hingga seratus lembar kertas sekaligus, lho. Jika Anda banyak membuat laporan atau karya tulisan yang tebal, jangan lewatkan produk ini.', '831a5_Joyko.png'),
(104, 'Max Stapler', '22000', 'Stapler', 'Max', 'Produk ini merupakan salah satu stapler terbaik yang tidak lekang oleh zaman. Stapler HD-10 bahkan mudah ditemukan di marketplace. Dengan rangka yang terbuat dari stainless steel, produk ini kokoh, antikarat, dan awet.Harga stapler Max ini juga sangat terjangkau untuk kualitasnya yang mumpuni. Karena itu, produk ini pas bagi Anda yang perlu banyak persediaan stapler untuk kebutuhan kantor dan usaha lainnya. Tahan lama dan ramah di kantong, tidak heran jika produk ini merupakan andalan banyak orang.', '86276_Max.png'),
(105, 'Macro correction', '18000', 'Correction pen', 'Macro', 'Brown dan Sally siap menemani hari-hari Anda! Karakter favorit dari aplikasi LINE kini hadir dalam bentuk correction tape yang menggemaskan. Dengan alat-alat tulis berdesain imut, tentunya Anda akan lebih bersemangat mengerjakan berbagai tugas.Di balik desainnya yang simpel, produk ini memiliki kegunaan unik. Terdapat satu tombol yang dapat Anda geser untuk menyimpan ujung kepala correction tape saat tidak digunakan. Karena itu, kepalanya dapat selalu terlindungi dengan sempurna! Anda yang suka desain praktis dan fungsional perlu mempertimbangkan produk ini.', '9c235_Macro.jpeg'),
(106, 'Tombow Correction Tape', '14400', 'Correction pen', 'Tombow', 'Terkadang correction tape bermasalah saat pita mendadak diputar ke arah berlawanan. Akhirnya, pita menjadi kusut dan Anda harus memperbaiki dengan cara membuka casing-nya. Nah, produk ini memiliki mekanisme anti-backwind untuk mencegah terjadinya kekusutan pita. Dengan mekanisme tersebut, pita yang macet dapat teratasi. Anda dapat bekerja dengan lebih mulus dan efisien berkat produk antikusut ini. ', '9fdc8_Tombow.jpg'),
(107, 'Whiper MR', '20000', 'Correction pen', 'PLUS', 'Produk yang satu ini sudah tidak asing di Indonesia. Selain kualitasnya yang superior, terdapat mekanisme yang membuatnya lebih efisien. Ya! Correction tape ini dapat dipakai dalam dua cara. Dorong untuk menghapus area sempit, tarik untuk menghapus area yang lebih panjang. Sungguh menarik!Hal menarik lainnya adalah pita yang dapat langsung menyerap tinta. Jika Anda harus banyak menulis, produk ini layak Anda miliki. Anda bisa langsung menulis tanpa khawatir kertas ternodai oleh tinta yang belum kering. Kedua keunggulan inilah yang menjadikan produk ini menjadi makin menarik. ', 'a263e_Whiper.jpeg'),
(108, 'joyko Correction Tape', '7800', 'Correction pen', 'Joyko', 'Kehadiran stipo kertas memang bertujuan merapikan tulisan Anda saat ada kesalahan. Namun, terkadang Anda masih belum puas karena jejaknya masih kentara. Untuk itu, kami merekomendasikan produk ini.Produk dari Joyko ini mengeklaim bahwa hasil koreksinya tidak akan tampak saat difotokopi. Selain itu, stipo kertas ini cepat kering sehingga Anda bisa langsung menulis di atasnya. Alat tulis yang digunakan tidak terbatas pada pena, tetapi juga pensil dan marker. Nah, pencinta kerapian harus punya produk ini di kotak alat tulis! ', 'a4d51_Joyko.png'),
(109, 'Faber Castel Correction Tape', '20100', 'Correction pen', 'Faber Castel', 'Alat tulis yang berbeda membutuhkan penghapus yang berbeda pula. Jika Anda kerap berganti alat tulis, mungkin Anda akan merasa repot jika harus membawa berbagai penghapus. Dalam konteks ini, Anda perlu meninjau produk yang memiliki fungsi ganda.Salah satu produk tersebut dikeluarkan oleh Faber-Castell. Selain tipe x kertas untuk menghapus pena, Anda akan menjumpai penghapus pensil. Produk ini juga dilengkapi double wings yang mencegah pita terbelit. Correction tape Anda pun akan lebih awet.', 'a85c8_FaberCastle.png'),
(110, 'Debozz Correction tape', '4500', 'Correction pen', 'Debozz', 'Jika Anda mencari correction tape dengan harga terjangkau, merek ini bisa menjadi pilihan tepat. Debozz mengeluarkan correction tape dengan harga yang sangat bersahabat. Meskipun begitu, kualitas dan fungsionalitasnya tetap terjamin. Selain itu, produk ini dibuat dengan teknologi terkini sehingga lebih tahan terhadap suhu panas. Pita tidak akan menempel satu sama lain meski disimpan untuk waktu yang lama pada suhu hangat. Kalau Anda sekadar ingin melengkapi alat tulis dengan correction tape, tetapi jarang menggunakannya, produk ini sangat cocok Anda miliki!', 'aad82_Debozz.png'),
(111, 'joyko Correction Tape Batik Se', '10900', 'Correction pen', 'joyko', 'Correction tape ini dihiasi dengan corak batik khas Indonesia. Produk ini menyediakan tiga varian motif batik yang klasik. Apakah Anda mencintai budaya Indonesia? Bangkitkan rasa nasionalisme Anda setiap kali menggunakan produk ini!Hal menarik lainnya dari produk ini ialah panjang pita yang mencapai 30 meter. Meski termasuk correction tape sekali pakai, produk ini awet dipakai untuk jangka waktu lama, lho! Memakai produk ini dapat membantu menjaga lingkungan karena mengurangi sampah', 'ad7d3_Batik.jpeg');

--
-- Indexes for dumped tables
--

--
-- Indexes for table `akun`
--
ALTER TABLE `akun`
  ADD PRIMARY KEY (`id`);

--
-- Indexes for table `pembelian`
--
ALTER TABLE `pembelian`
  ADD PRIMARY KEY (`id_pembelian`);

--
-- Indexes for table `pembelian_produk`
--
ALTER TABLE `pembelian_produk`
  ADD PRIMARY KEY (`id_pembelian_produk`);

--
-- Indexes for table `produk`
--
ALTER TABLE `produk`
  ADD PRIMARY KEY (`id_produk`);

--
-- AUTO_INCREMENT for dumped tables
--

--
-- AUTO_INCREMENT for table `akun`
--
ALTER TABLE `akun`
  MODIFY `id` int(11) NOT NULL AUTO_INCREMENT, AUTO_INCREMENT=16;

--
-- AUTO_INCREMENT for table `pembelian_produk`
--
ALTER TABLE `pembelian_produk`
  MODIFY `id_pembelian_produk` int(11) NOT NULL AUTO_INCREMENT, AUTO_INCREMENT=37;

--
-- AUTO_INCREMENT for table `produk`
--
ALTER TABLE `produk`
  MODIFY `id_produk` int(11) NOT NULL AUTO_INCREMENT, AUTO_INCREMENT=112;
COMMIT;

/*!40101 SET CHARACTER_SET_CLIENT=@OLD_CHARACTER_SET_CLIENT */;
/*!40101 SET CHARACTER_SET_RESULTS=@OLD_CHARACTER_SET_RESULTS */;
/*!40101 SET COLLATION_CONNECTION=@OLD_COLLATION_CONNECTION */;
